{"Source Block": ["hdl/library/common/ad_dds_sine_cordic.v@158:170@HdlStmIf", "      assign atan_table[21] = (LUT_FSCALE * ANGLE_ROT_VAL_21)/360;\n    end\n    if (PHASE_DW >= 23) begin\n      assign atan_table[22] = (LUT_FSCALE * ANGLE_ROT_VAL_22)/360;\n    end\n    if (PHASE_DW == 24) begin\n      assign atan_table[23] = (LUT_FSCALE * ANGLE_ROT_VAL_23)/360;\n    end\n  endgenerate\n\n  // pre-rotating\n\n  // first two bits represent the quadrant in the unit circle\n"], "Clone Blocks": [["hdl/library/common/ad_dds_sine_cordic.v@155:167", "      assign atan_table[20] = (LUT_FSCALE * ANGLE_ROT_VAL_20)/360;\n    end\n    if (PHASE_DW >= 22) begin\n      assign atan_table[21] = (LUT_FSCALE * ANGLE_ROT_VAL_21)/360;\n    end\n    if (PHASE_DW >= 23) begin\n      assign atan_table[22] = (LUT_FSCALE * ANGLE_ROT_VAL_22)/360;\n    end\n    if (PHASE_DW == 24) begin\n      assign atan_table[23] = (LUT_FSCALE * ANGLE_ROT_VAL_23)/360;\n    end\n  endgenerate\n\n"]], "Diff Content": {"Delete": [[164, "      assign atan_table[23] = (LUT_FSCALE * ANGLE_ROT_VAL_23)/360;\n"]], "Add": [[164, "      assign atan_table[ 0] = 24'd2097152; // 45.0000000000000\n"], [164, "      assign atan_table[ 1] = 24'd1238021; // 26.5650511770780\n"], [164, "      assign atan_table[ 2] = 24'd654136;  // 14.0362434679265\n"], [164, "      assign atan_table[ 3] = 24'd332050;  // 7.12501634890180\n"], [164, "      assign atan_table[ 4] = 24'd166669;  // 3.57633437499735\n"], [164, "      assign atan_table[ 5] = 24'd83416;   // 1.78991060824607\n"], [164, "      assign atan_table[ 6] = 24'd41718;   // 0.89517371021107\n"], [164, "      assign atan_table[ 7] = 24'd20860;   // 0.44761417086055\n"], [164, "      assign atan_table[ 8] = 24'd10430;   // 0.22381050036853\n"], [164, "      assign atan_table[ 9] = 24'd5215;    // 0.11190567706620\n"], [164, "      assign atan_table[10] = 24'd2608;    // 0.05595289189380\n"], [164, "      assign atan_table[11] = 24'd1304;    // 0.02797645261700\n"], [164, "      assign atan_table[12] = 24'd652;     // 0.01398822714226\n"], [164, "      assign atan_table[13] = 24'd326;     // 0.00699411367535\n"], [164, "      assign atan_table[14] = 24'd163;     // 0.00349705685070\n"], [164, "      assign atan_table[15] = 24'd81;      // 0.00174852842698\n"], [164, "      assign atan_table[16] = 24'd41;      // 0.00087426421369\n"], [164, "      assign atan_table[17] = 24'd20;      // 0.00043713210687\n"], [164, "      assign atan_table[18] = 24'd10;      // 0.00021856605343\n"], [164, "      assign atan_table[19] = 24'd5;       // 0.00010928302672\n"], [164, "      assign atan_table[20] = 24'd3;       // 0.00005464151336\n"], [164, "      assign atan_table[21] = 24'd1;       // 0.00002732075668\n"], [164, "      assign atan_table[22] = 24'd1;       // 0.00001366037834\n"], [164, "    end else if (PHASE_DW == 23) begin\n"], [164, "      assign atan_table[ 0] = 23'd1048576; // 45.0000000000000\n"], [164, "      assign atan_table[ 1] = 23'd619011;  // 26.5650511770780\n"], [164, "      assign atan_table[ 2] = 23'd327068;  // 14.0362434679265\n"], [164, "      assign atan_table[ 3] = 23'd166025;  // 7.12501634890180\n"], [164, "      assign atan_table[ 4] = 23'd83335;   // 3.57633437499735\n"], [164, "      assign atan_table[ 5] = 23'd41708;   // 1.78991060824607\n"], [164, "      assign atan_table[ 6] = 23'd20859;   // 0.89517371021107\n"], [164, "      assign atan_table[ 7] = 23'd10430;   // 0.44761417086055\n"], [164, "      assign atan_table[ 8] = 23'd5215;    // 0.22381050036853\n"], [164, "      assign atan_table[ 9] = 23'd2608;    // 0.11190567706620\n"], [164, "      assign atan_table[10] = 23'd1304;    // 0.05595289189380\n"], [164, "      assign atan_table[11] = 23'd652;     // 0.02797645261700\n"], [164, "      assign atan_table[12] = 23'd326;     // 0.01398822714226\n"], [164, "      assign atan_table[13] = 23'd163;     // 0.00699411367535\n"], [164, "      assign atan_table[14] = 23'd81;      // 0.00349705685070\n"], [164, "      assign atan_table[15] = 23'd41;      // 0.00174852842698\n"], [164, "      assign atan_table[16] = 23'd20;      // 0.00087426421369\n"], [164, "      assign atan_table[17] = 23'd10;      // 0.00043713210687\n"], [164, "      assign atan_table[18] = 23'd5;       // 0.00021856605343\n"], [164, "      assign atan_table[19] = 23'd3;       // 0.00010928302672\n"], [164, "      assign atan_table[20] = 23'd1;       // 0.00005464151336\n"], [164, "      assign atan_table[21] = 23'd1;       // 0.00002732075668\n"], [164, "    end else if (PHASE_DW == 22) begin\n"], [164, "      assign atan_table[ 0] = 22'd524288; // ...\n"], [164, "      assign atan_table[ 1] = 22'd309505;\n"], [164, "      assign atan_table[ 2] = 22'd163534;\n"], [164, "      assign atan_table[ 3] = 22'd83012;\n"], [164, "      assign atan_table[ 4] = 22'd41667;\n"], [164, "      assign atan_table[ 5] = 22'd20854;\n"], [164, "      assign atan_table[ 6] = 22'd10430;\n"], [164, "      assign atan_table[ 7] = 22'd5215;\n"], [164, "      assign atan_table[ 8] = 22'd2608;\n"], [164, "      assign atan_table[ 9] = 22'd1304;\n"], [164, "      assign atan_table[10] = 22'd652;\n"], [164, "      assign atan_table[11] = 22'd326;\n"], [164, "      assign atan_table[12] = 22'd163;\n"], [164, "      assign atan_table[13] = 22'd81;\n"], [164, "      assign atan_table[14] = 22'd41;\n"], [164, "      assign atan_table[15] = 22'd20;\n"], [164, "      assign atan_table[16] = 22'd10;\n"], [164, "      assign atan_table[17] = 22'd5;\n"], [164, "      assign atan_table[18] = 22'd3;\n"], [164, "      assign atan_table[19] = 22'd1;\n"], [164, "      assign atan_table[20] = 22'd1;\n"], [164, "    end else if (PHASE_DW == 21) begin\n"], [164, "      assign atan_table[ 0] = 21'd262144;\n"], [164, "      assign atan_table[ 1] = 21'd154753;\n"], [164, "      assign atan_table[ 2] = 21'd81767;\n"], [164, "      assign atan_table[ 3] = 21'd41506;\n"], [164, "      assign atan_table[ 4] = 21'd20834;\n"], [164, "      assign atan_table[ 5] = 21'd10427;\n"], [164, "      assign atan_table[ 6] = 21'd5215;\n"], [164, "      assign atan_table[ 7] = 21'd2608;\n"], [164, "      assign atan_table[ 8] = 21'd1304;\n"], [164, "      assign atan_table[ 9] = 21'd652;\n"], [164, "      assign atan_table[10] = 21'd326;\n"], [164, "      assign atan_table[11] = 21'd163;\n"], [164, "      assign atan_table[12] = 21'd81;\n"], [164, "      assign atan_table[13] = 21'd41;\n"], [164, "      assign atan_table[14] = 21'd20;\n"], [164, "      assign atan_table[15] = 21'd10;\n"], [164, "      assign atan_table[16] = 21'd5;\n"], [164, "      assign atan_table[17] = 21'd3;\n"], [164, "      assign atan_table[18] = 21'd1;\n"], [164, "      assign atan_table[19] = 21'd1;\n"], [164, "    end else if (PHASE_DW == 20) begin\n"], [164, "      assign atan_table[ 0] = 20'd131072;\n"], [164, "      assign atan_table[ 1] = 20'd77376;\n"], [164, "      assign atan_table[ 2] = 20'd40884;\n"], [164, "      assign atan_table[ 3] = 20'd20753;\n"], [164, "      assign atan_table[ 4] = 20'd10417;\n"], [164, "      assign atan_table[ 5] = 20'd5213;\n"], [164, "      assign atan_table[ 6] = 20'd2607;\n"], [164, "      assign atan_table[ 7] = 20'd1304;\n"], [164, "      assign atan_table[ 8] = 20'd652;\n"], [164, "      assign atan_table[ 9] = 20'd326;\n"], [164, "      assign atan_table[10] = 20'd163;\n"], [164, "      assign atan_table[11] = 20'd81;\n"], [164, "      assign atan_table[12] = 20'd41;\n"], [164, "      assign atan_table[13] = 20'd20;\n"], [164, "      assign atan_table[14] = 20'd10;\n"], [164, "      assign atan_table[15] = 20'd5;\n"], [164, "      assign atan_table[16] = 20'd3;\n"], [164, "      assign atan_table[17] = 20'd1;\n"], [164, "      assign atan_table[18] = 20'd1;\n"], [164, "    end else if (PHASE_DW == 19) begin\n"], [164, "      assign atan_table[ 0] = 19'd65536;\n"], [164, "      assign atan_table[ 1] = 19'd38688;\n"], [164, "      assign atan_table[ 2] = 19'd20442;\n"], [164, "      assign atan_table[ 3] = 